INSERT  INTO USER ( ID , FIRST_NAME , LAST_NAME , CREATED_AT , EMAIL ,PASSWORD ) VALUES ( 1, 'Avinash', 'Ramesh', '2019-7-5 10:00:00', 'avinash@gmail.com ', '1234');
INSERT  INTO USER ( ID , FIRST_NAME , LAST_NAME , CREATED_AT , EMAIL ,PASSWORD ) VALUES ( 2, 'Ajay', 'Ramesh', '2019-3-5 10:00:00', 'ajay@gmail.com ', '4567');


INSERT INTO PROJECT ( ID , CREATED_AT , DESCRIPTION , NAME ) VALUES (31,'2018-1-5 10:00:00','A React App for News', 'React News App'); 
INSERT INTO PROJECT ( ID , CREATED_AT , DESCRIPTION , NAME ) VALUES (32,'2018-1-5 10:00:00','AI Service Now bot for INC', 'Now Bot'); 

INSERT INTO MEMBERS ( ID , PROJECT_ID , USER_ID , OWNER ) VALUES (21, 31, 1, 'False');
INSERT INTO MEMBERS ( ID , PROJECT_ID , USER_ID , OWNER ) VALUES (22, 31, 2, 'True');
INSERT INTO MEMBERS ( ID , PROJECT_ID , USER_ID , OWNER ) VALUES (23, 32, 1, 'False');
INSERT INTO MEMBERS ( ID , PROJECT_ID , USER_ID , OWNER ) VALUES (24, 32, 2, 'True');
INSERT INTO MEMBERS ( ID , PROJECT_ID , USER_ID , OWNER ) VALUES (25, 32, 1, 'False');

INSERT INTO STATUS ( ID , STATUS ) VALUES (201,'In Progress');
INSERT INTO STATUS ( ID , STATUS ) VALUES (202,'Done');
INSERT INTO STATUS ( ID , STATUS ) VALUES (203,'Done');
INSERT INTO STATUS ( ID , STATUS ) VALUES (204,'Todo');

INSERT INTO TASKS ( ID , PROJECT_ID , NAME , DESCRIPTION , CREATED_AT , DUE_DATE , STATUS_ID ) VALUES (  101, 31, 'UI/UX', 'Navbar from Bootstrap', '2018-1-5 10:00:00', '2018-1-7 10:00:00', 201);
INSERT INTO TASKS ( ID , PROJECT_ID , NAME , DESCRIPTION , CREATED_AT , DUE_DATE , STATUS_ID ) VALUES (102, 32, 'NLP Bot', 'Train Bot with data', '2018-1-5 10:00:00', '2018-1-7 10:00:00', 202);
INSERT INTO TASKS ( ID , PROJECT_ID , NAME , DESCRIPTION , CREATED_AT , DUE_DATE , STATUS_ID ) VALUES (103, 31, 'Axios', 'NPM install Axios', '2018-1-5 10:00:00', '2018-1-7 10:00:00', 203);
INSERT INTO TASKS ( ID , PROJECT_ID , NAME , DESCRIPTION , CREATED_AT , DUE_DATE , STATUS_ID ) VALUES (104, 31, 'Install Dependencies', 'Use Npm to install', '2018-1-5 10:00:00', '2018-1-7 10:00:00', 204);


